{
    "Plant": [
        {
            "Plantname": "Calathea",
            "bio": " Plant",
            "url": "./images/plant1.jpg",
            "alt": "plant1",
            "price":10.00
        },
        {
            "Plantname": "Maranta Leuconeura",
            "bio": " Prayer Plant",
            "url": "./images/plant2.jpg",
            "alt": "plant2",
            "price":15.00
        },
        {
            "Plantname": "Dracaena Trifasciata",
            "bio": " Mother-in-law's Tongue",
            "url": "./images/plant3.jpg",
            "alt": "plant3",
            "price":30.00
        },
        {
            "Plantname": "Begonia Maculata",
            "bio": " Spotted Begonia",
            "url": "./images/plant4.jpg",
            "alt": "plant4",
            "price":8.00
        },
        {
            "Plantname": "Sansevieria",
            "bio": " Snake Plant",
            "url": "./images/plant5.jpg",
            "alt": "plant5",
            "price":20.00
        },
        {
            "Plantname": "Common Houseleek",
            "bio": " Hens and Chicks",
            "url": "./images/plant6.jpg",
            "alt": "plant6",
            "price":15.00
        }
    ]
}